<?xml version="1.0" encoding="UTF-8"?>
<java version="17.0.1" class="java.beans.XMLDecoder">
 <object class="models.SistemaDTO" id="SistemaDTO0">
  <void property="choferesDTO">
   <void method="add">
    <object class="models.ChoferDTO">
     <void property="dni">
      <string>2343254</string>
     </void>
     <void property="nombre">
      <string>Juan</string>
     </void>
     <void property="tipo">
      <string>Permanente</string>
     </void>
    </object>
   </void>
   <void method="add">
    <object class="models.ChoferDTO">
     <void property="dni">
      <string>423984</string>
     </void>
     <void property="nombre">
      <string>Franco</string>
     </void>
     <void property="tipo">
      <string>Temporario</string>
     </void>
    </object>
   </void>
  </void>
  <void property="clientesDTO">
   <void method="add">
    <object class="models.ClienteDTO">
     <void property="contrasenia">
      <string>lapa</string>
     </void>
     <void property="usuario">
      <string>pepe</string>
     </void>
    </object>
   </void>
   <void method="add">
    <object class="models.ClienteDTO">
     <void property="contrasenia">
      <string>ruffo</string>
     </void>
     <void property="usuario">
      <string>lau</string>
     </void>
    </object>
   </void>
   <void method="add">
    <object class="models.ClienteDTO">
     <void property="contrasenia">
      <string>1234</string>
     </void>
     <void property="usuario">
      <string>marcus</string>
     </void>
    </object>
   </void>
   <void method="add">
    <object class="models.ClienteDTO">
     <void property="contrasenia">
      <string>1234</string>
     </void>
     <void property="usuario">
      <string>pili</string>
     </void>
    </object>
   </void>
  </void>
  <void property="vehiculosDTO">
   <void method="add">
    <object class="models.VehiculoDTO">
     <void property="cantpasajeros">
      <int>1</int>
     </void>
     <void property="patente">
      <string>MOT001</string>
     </void>
     <void property="tipo">
      <string>Moto</string>
     </void>
    </object>
   </void>
   <void method="add">
    <object class="models.VehiculoDTO">
     <void property="baul">
      <boolean>true</boolean>
     </void>
     <void property="cantpasajeros">
      <int>4</int>
     </void>
     <void property="mascota">
      <boolean>true</boolean>
     </void>
     <void property="patente">
      <string>AUT001</string>
     </void>
     <void property="tipo">
      <string>Auto</string>
     </void>
    </object>
   </void>
  </void>
 </object>
</java>
